primary key,Category,Price Tier,Neighborhood,Opening Time,Closing Time,Average Rating,Good for kid
1,Korean,High,Upper West Side,11:12,14:18,3.7,true
2,Thai,High,Tribeca,11:34,21:58,2.4,true
3,Filipino,High,West Village,11:06,15:07,4.8,true
4,French,Low,Meatpacking District,11:06,19:42,1.6,true
5,American,High,Gramercy,8:31,19:11,1.1,true
6,Polish,High,Upper West Side,9:47,13:59,1.4,true
7,Greek,Low,Hollis,11:23,19:45,4.4,false
8,Greek,Medium,Tribeca,9:24,22:02,2.0,false
9,Chinese,High,Upper East Side,11:49,23:24,1.4,false
10,Polish,High,Chelsea,10:45,19:05,2.3,true
11,Argentine,Medium,Morningside Heights,9:53,21:30,4.1,true
12,Vietnamese,High,Bayside,10:40,18:57,3.5,true
13,Korean,Medium,Ridgewood,11:13,15:08,1.9,true
14,Thai,High,East Village,10:06,22:01,2.6,false
15,Greek,High,Rego Park,11:55,21:01,3.7,false
16,Russian,Low,South Ozone Park,11:33,23:20,5.0,false
17,Caribbean,Low,Forest Hills,11:57,17:58,3.9,true
18,Argentine,Medium,Ridgewood,8:38,16:26,2.7,false
19,Filipino,Low,Bayside,10:09,17:49,3.9,true
20,Ethiopian,Low,Forest Hills,10:07,17:56,4.8,false
21,Brazilian,High,Forest Hills,10:56,22:42,1.3,true
22,Caribbean,Medium,SoHo,8:51,13:03,1.7,false
23,Italian,High,Bayside,11:03,23:13,3.4,true
24,Lebanese,High,Hollis,8:52,18:17,2.4,true
25,Mediterranean,Medium,Little Italy,9:12,14:03,2.2,false
26,Indian,Low,Tribeca,11:23,14:38,2.3,false
27,French,High,Richmond Hill,9:59,19:56,1.5,false
28,Indian,Low,Murray Hill,8:36,22:14,3.1,false
29,Russian,Low,Chelsea,9:54,13:17,2.2,true
30,Japanese,Low,Kew Gardens,9:33,20:50,3.4,false
31,Polish,Medium,Rego Park,8:58,20:44,4.2,false
32,Polish,Low,Union Square,8:25,18:24,3.5,true
33,Mediterranean,Medium,Greenwich Village,9:23,13:16,3.4,true
34,Russian,Medium,Chinatown,10:40,12:37,4.4,true
35,Italian,Low,Long Island City,10:56,19:31,5.0,false
36,Spanish,High,Jamaica,8:35,15:31,1.3,false
37,Mediterranean,Medium,Inwood,10:53,20:25,4.0,false
38,Thai,Medium,Fresh Meadows,8:25,15:47,3.6,false
39,Greek,Medium,Kew Gardens,11:22,14:49,2.8,true
40,Vietnamese,Medium,Murray Hill,11:20,12:32,1.2,true
41,Filipino,Low,Hollis,10:10,23:40,2.3,true
42,Mexican,High,Fort George,10:58,13:21,2.1,false
43,Brazilian,High,Morningside Heights,8:52,13:29,4.9,true
44,Lebanese,Low,Corona,9:48,21:08,2.0,true
45,Mexican,Low,Douglaston,10:39,14:29,4.2,true
46,Indian,High,Woodhaven,11:19,23:09,1.3,true
47,Turkish,High,Ozone Park,11:07,12:19,3.7,false
48,Chinese,High,SoHo,8:16,22:11,2.0,true
49,Greek,High,Long Island City,10:44,18:09,4.0,false
50,Chinese,High,Meatpacking District,8:50,22:22,4.6,true
51,German,Medium,Richmond Hill,9:16,18:47,2.0,true
52,American,High,South Ozone Park,10:10,12:53,3.6,false
53,Lebanese,Low,Long Island City,8:18,23:10,2.7,true
54,Mexican,High,Upper West Side,8:15,13:16,4.6,false
55,Argentine,Low,Lower East Side,8:11,22:37,2.7,true
56,Greek,Low,South Ozone Park,10:22,20:01,3.2,false
57,Russian,Medium,Financial District,10:51,21:12,4.5,false
58,Argentine,Low,SoHo,8:06,22:59,1.3,false
59,Mediterranean,Low,Douglaston,11:38,20:32,1.9,false
60,Chinese,High,Nolita,10:06,20:42,4.4,false
61,Brazilian,Low,Little Italy,9:30,13:15,3.8,true
62,Brazilian,Medium,Meatpacking District,9:56,22:09,1.6,false
63,Indian,High,Jamaica,10:20,23:41,4.3,false
64,Japanese,Medium,Queens Village,10:58,16:59,2.6,false
65,Moroccan,High,Gramercy,10:54,12:15,2.5,false
66,Moroccan,High,South Ozone Park,10:16,23:20,4.3,true
67,Russian,Low,Inwood,10:43,15:19,4.1,false
68,American,High,Meatpacking District,8:15,14:41,3.1,true
69,Thai,High,Hell's Kitchen,10:33,17:49,2.7,false
70,Greek,High,Tribeca,8:17,23:34,1.2,true
71,Indian,Low,Jamaica,8:43,23:32,4.3,true
72,Korean,High,Queens Village,10:48,17:25,1.3,false
73,Spanish,Low,Meatpacking District,8:18,16:23,1.4,false
74,Mexican,Low,Kew Gardens,10:16,19:50,4.5,true
75,German,High,East Village,8:31,17:06,3.6,true
76,Spanish,Low,Murray Hill,11:07,22:50,4.4,false
77,Lebanese,Low,Middle Village,9:49,22:56,1.3,false
78,American,High,Nolita,10:31,15:44,2.0,true
79,German,Low,Bayside,8:34,15:23,3.3,false
80,Japanese,High,Douglaston,10:33,18:32,1.4,true
81,Italian,High,Hollis,11:33,14:48,1.2,false
82,Thai,Low,Sunnyside,10:00,23:48,3.2,false
83,Argentine,Medium,Sunnyside,10:59,16:29,4.4,false
84,Indian,Low,Upper West Side,9:33,18:41,1.7,false
85,Greek,High,Sunnyside,9:15,18:40,3.4,false
86,Moroccan,Medium,SoHo,9:55,15:59,3.6,false
87,Russian,Low,Astoria,8:01,16:51,4.3,true
88,Italian,Low,Harlem,8:51,12:48,1.2,true
89,Lebanese,Medium,Richmond Hill,8:19,23:17,3.0,true
90,Indian,High,Kew Gardens,11:32,16:59,3.7,true
91,Moroccan,Medium,Jackson Heights,10:31,20:27,3.2,true
92,Filipino,High,Elmhurst,11:51,17:25,3.3,true
93,Thai,Low,Upper East Side,10:38,22:09,1.7,false
94,Korean,Low,Greenwich Village,10:43,17:41,3.8,true
95,Japanese,Low,Chinatown,9:51,21:24,1.7,false
96,Spanish,Medium,Douglaston,9:10,20:28,4.9,true
97,Thai,Low,Douglaston,8:54,23:56,4.1,true
98,Japanese,High,Richmond Hill,8:49,13:51,3.7,true
99,Argentine,High,Flatiron District,11:02,18:27,1.0,false
100,Thai,Medium,Meatpacking District,11:28,23:07,4.0,true
101,Japanese,High,Astoria,10:07,21:28,1.9,false
102,Thai,Medium,Flatiron District,9:22,12:59,1.6,true
103,American,High,Flatiron District,10:08,16:16,4.0,true
104,Peruvian,Low,Greenwich Village,8:34,23:15,2.9,true
105,Spanish,Low,Ridgewood,10:24,17:19,4.5,true
106,Japanese,High,Rego Park,8:59,18:39,3.6,false
107,Italian,High,Lower East Side,8:32,15:45,4.6,false
108,Turkish,Low,Murray Hill,8:01,15:20,3.6,false
109,Caribbean,High,Flatiron District,10:07,17:53,1.0,true
110,Turkish,High,Gramercy,11:25,16:21,4.7,true
111,American,High,Battery Park City,11:14,20:52,1.3,false
112,German,High,Queens Village,9:14,13:30,3.6,false
113,Mediterranean,High,Washington Heights,9:51,15:02,3.8,false
114,Filipino,Low,Middle Village,10:24,17:05,2.1,true
115,Caribbean,Medium,Glendale,11:34,15:48,2.9,true
116,German,High,Tribeca,10:31,12:51,1.3,true
117,Brazilian,Medium,Jackson Heights,10:40,20:18,3.3,false
118,Japanese,Low,Middle Village,11:34,14:39,4.7,false
119,Filipino,Medium,Upper West Side,10:00,12:07,3.8,false
120,Greek,Low,Ozone Park,10:31,17:46,3.2,false
121,Chinese,Medium,Astoria,9:30,14:00,3.7,true
122,Chinese,High,Middle Village,8:59,19:19,4.8,false
123,Moroccan,High,Gramercy,9:42,19:33,2.3,false
124,Spanish,Medium,Woodhaven,9:20,21:38,3.1,true
125,German,High,Flushing,9:27,15:01,3.7,true
126,Peruvian,Low,Midtown,10:22,12:59,4.5,false
127,Thai,Low,Fort George,8:33,18:30,3.4,true
128,Moroccan,Medium,Hollis,11:45,16:44,4.9,true
129,Greek,High,Bayside,10:03,12:11,3.8,false
130,Greek,Low,Tribeca,9:51,18:03,4.2,true
131,Russian,Medium,Financial District,10:13,14:25,4.9,true
132,Thai,High,Fresh Meadows,9:31,19:18,2.2,true
133,Italian,Low,Richmond Hill,9:21,14:00,4.1,false
134,Spanish,High,Queens Village,8:12,15:55,4.9,true
135,Japanese,Medium,Queens Village,10:12,12:58,3.6,false
136,Greek,High,Upper West Side,10:07,16:25,1.0,true
137,Peruvian,Medium,Little Italy,11:22,16:24,2.6,true
138,Korean,Medium,Chinatown,8:11,20:25,1.7,true
139,Mediterranean,Medium,Tribeca,10:29,18:36,3.8,true
140,Russian,Medium,Washington Heights,8:20,14:07,1.1,true
141,Greek,Low,Ridgewood,10:16,15:55,1.6,false
142,Peruvian,Low,Glendale,11:43,18:32,3.5,true
143,Korean,Medium,Hell's Kitchen,10:49,12:36,3.1,true
144,French,Low,Meatpacking District,10:05,23:39,4.8,false
145,Russian,Medium,Fort George,11:04,14:13,3.9,false
146,German,Medium,Midtown,9:07,23:26,2.9,true
147,Argentine,Low,Financial District,9:10,23:41,3.8,true
148,American,Medium,Fort George,10:26,23:36,4.7,true
149,Thai,Medium,Douglaston,10:42,22:48,3.3,true
150,Caribbean,Medium,Corona,9:55,15:02,1.4,true
151,Korean,High,Glendale,11:35,19:34,3.0,false
152,Polish,Medium,Corona,11:51,19:31,4.5,true
153,Japanese,Low,Washington Heights,9:59,12:17,4.7,true
154,Chinese,Medium,Murray Hill,9:53,16:50,4.4,false
155,Russian,High,Union Square,8:32,22:19,2.1,false
156,Ethiopian,High,Lower East Side,8:11,15:43,2.7,true
157,Brazilian,Low,Ozone Park,9:38,20:48,4.6,true
158,Argentine,Low,West Village,8:01,18:25,4.2,true
159,Polish,High,Inwood,9:47,22:36,3.4,true
160,French,Low,Fort George,10:50,12:12,2.4,true
161,Caribbean,High,Harlem,9:09,16:19,2.6,false
162,German,High,Fort George,9:54,22:06,2.8,false
163,Spanish,Low,Hollis,11:25,21:49,4.1,false
164,Brazilian,Medium,West Village,10:56,20:53,2.2,false
165,American,High,Sunnyside,8:43,16:17,3.3,false
166,Mediterranean,Medium,Inwood,9:29,18:37,3.8,false
167,Lebanese,Low,Battery Park City,11:30,22:00,3.0,true
168,Turkish,Low,Middle Village,11:57,19:16,2.0,true
169,Mediterranean,Medium,East Harlem,10:13,14:41,1.7,true
170,Turkish,Medium,East Harlem,8:30,19:24,3.2,false
171,Lebanese,High,Astoria,10:02,13:32,3.6,true
172,Italian,Low,Union Square,9:18,22:40,4.6,false
173,Thai,Medium,East Village,11:00,23:36,3.7,false
174,Russian,Low,Tribeca,10:19,21:11,3.2,false
175,Moroccan,Low,West Village,11:22,15:26,2.5,true
176,Japanese,High,Chelsea,9:10,22:41,2.4,false
177,Filipino,Medium,Corona,9:06,18:26,2.6,true
178,Polish,High,Kew Gardens,10:37,13:52,2.5,false
179,Moroccan,Medium,Meatpacking District,9:49,15:52,4.1,true
180,Caribbean,Medium,Rego Park,10:32,12:22,3.7,true
181,Ethiopian,Medium,Financial District,9:32,23:01,1.7,true
182,German,Low,Glendale,11:15,17:40,4.6,false
183,Ethiopian,Low,Greenwich Village,10:43,17:36,4.3,false
184,Argentine,Medium,Lower East Side,9:48,20:19,2.2,true
185,American,Medium,Hell's Kitchen,11:39,18:42,1.2,false
186,American,Low,Tribeca,9:50,23:45,2.8,true
187,Filipino,Low,Chelsea,9:16,21:44,2.5,false
188,German,Low,Astoria,9:24,23:43,3.1,true
189,Spanish,Low,Lower East Side,9:50,19:30,1.5,false
190,Greek,Medium,Flatiron District,10:16,12:09,1.8,true
191,Mediterranean,Medium,SoHo,10:42,19:36,4.2,false
192,Chinese,Medium,Meatpacking District,8:52,21:15,2.2,true
193,French,High,Murray Hill,9:24,18:48,1.1,false
194,Japanese,Low,Upper East Side,11:41,13:04,1.7,true
195,Greek,Medium,Astoria,10:59,20:15,1.7,true
196,Russian,Medium,Upper West Side,11:43,17:32,2.8,true
197,Argentine,High,Upper West Side,10:27,16:00,4.5,true
198,Lebanese,Medium,East Village,8:51,20:54,4.8,false
199,Chinese,Low,East Village,10:39,15:04,4.3,false
200,Mexican,High,Upper West Side,11:06,15:05,4.7,true
201,Filipino,Low,Union Square,11:49,18:39,3.8,false
202,American,High,Corona,9:25,19:57,4.1,true
203,French,Medium,East Harlem,10:01,19:43,2.1,false
204,Polish,High,Nolita,10:44,21:14,3.0,true
205,Caribbean,High,Forest Hills,8:33,23:10,2.4,false
206,Italian,Low,Sunnyside,10:40,17:54,4.6,false
207,Russian,Low,Ozone Park,8:14,23:12,4.4,false
208,French,Low,Battery Park City,11:46,17:08,1.1,true
209,Greek,Low,East Village,11:52,20:38,4.4,false
210,French,Medium,Fort George,9:20,15:50,3.1,true
211,Turkish,Medium,Flushing,11:29,21:41,1.1,true
212,Thai,Low,Greenwich Village,11:36,18:59,4.3,true
213,Polish,Medium,Rego Park,8:07,21:19,3.4,true
214,Mediterranean,Low,Upper West Side,8:26,19:31,3.0,false
215,Caribbean,Medium,Glendale,10:26,14:07,2.7,false
216,Argentine,Low,Little Italy,8:38,19:54,1.4,true
217,Turkish,Low,Queens Village,8:01,14:58,1.5,false
218,Polish,High,Sunnyside,9:46,13:50,2.5,false
219,Filipino,Low,Queens Village,10:43,18:08,1.7,false
220,Japanese,High,West Village,10:36,21:01,2.0,false
221,Indian,Medium,Meatpacking District,11:06,13:27,1.1,false
222,Argentine,Low,Corona,9:58,20:57,1.8,true
223,Mediterranean,High,Rego Park,10:38,20:06,3.7,true
224,Lebanese,High,Midtown,11:49,14:47,3.8,false
225,Russian,Medium,Financial District,11:01,21:44,4.2,false
226,Caribbean,High,Gramercy,11:23,16:14,3.4,true
227,American,High,Astoria,10:27,22:00,3.6,true
228,Korean,Medium,Chinatown,8:24,21:11,2.0,true
229,Argentine,Low,Chelsea,9:38,19:14,1.0,false
230,Vietnamese,Medium,Astoria,11:40,17:57,1.7,true
231,Caribbean,High,Woodside,11:24,13:52,1.5,true
232,Chinese,High,Nolita,10:02,15:06,2.6,true
233,German,High,East Village,10:00,14:48,3.4,true
234,Moroccan,Medium,Jackson Heights,10:31,20:32,3.9,false
235,Spanish,High,Hell's Kitchen,8:29,20:53,3.9,false
236,Caribbean,Medium,Astoria,10:01,23:40,4.5,false
237,Filipino,High,South Ozone Park,11:50,19:19,4.8,false
238,German,Low,Ozone Park,10:31,21:36,3.1,true
239,Korean,High,Jackson Heights,8:55,14:03,3.8,true
240,Mexican,Medium,SoHo,9:23,12:41,3.1,false
241,Spanish,Medium,Lower East Side,10:44,23:18,3.9,false
242,Thai,Low,Washington Heights,10:28,15:16,2.2,false
243,Indian,Low,Greenwich Village,11:32,14:50,2.5,true
244,Mediterranean,Low,Ozone Park,8:06,16:03,2.3,true
245,Brazilian,Low,Murray Hill,8:45,18:29,4.5,false
246,Filipino,Medium,Financial District,10:02,19:57,4.5,false
247,Mexican,Medium,Jackson Heights,11:08,22:17,2.0,true
248,Filipino,Low,Richmond Hill,8:41,12:04,2.0,false
249,Peruvian,Medium,Rego Park,9:57,17:33,3.6,false
250,Mexican,Medium,Financial District,10:50,23:14,3.8,true
251,Filipino,Medium,Tribeca,8:02,12:59,2.1,true
252,Filipino,Medium,Tribeca,11:29,22:59,3.4,false
253,Mexican,Medium,Murray Hill,9:52,12:36,2.1,false
254,American,Low,Battery Park City,10:19,23:34,4.2,true
255,Ethiopian,Medium,Elmhurst,11:08,18:13,1.4,true
256,Mediterranean,Medium,Upper East Side,9:29,23:44,3.1,true
257,Indian,Low,Sunnyside,9:58,18:19,1.3,true
258,Vietnamese,Medium,Richmond Hill,11:04,22:16,2.3,true
259,Thai,Medium,Flushing,9:35,17:54,3.7,true
260,Japanese,Medium,Union Square,10:02,12:57,1.6,true
261,Filipino,Low,Gramercy,11:49,21:18,5.0,false
262,Thai,Low,Kew Gardens,10:28,15:48,3.6,false
263,Mediterranean,Medium,Upper West Side,11:30,15:57,2.1,false
264,Lebanese,Medium,Astoria,11:18,16:03,4.8,true
265,Filipino,High,Financial District,11:41,13:54,3.5,true
266,Argentine,Medium,Rego Park,11:52,16:22,4.4,false
267,French,Low,Little Italy,8:28,17:10,5.0,true
268,Chinese,High,Sunnyside,11:04,21:53,3.4,true
269,Indian,High,Upper East Side,11:58,22:50,2.3,true
270,American,Low,Chinatown,10:59,20:30,1.2,true
271,Thai,Medium,Murray Hill,8:20,23:37,4.2,false
272,French,High,Chinatown,8:19,16:28,1.7,true
273,French,High,Little Neck,11:01,19:52,1.6,false
274,Caribbean,Medium,Middle Village,11:57,14:07,2.2,false
275,Mexican,Low,East Harlem,9:18,16:22,4.7,false
276,Moroccan,High,Bayside,8:40,19:13,3.6,true
277,Italian,High,Elmhurst,10:41,13:18,1.8,false
278,Peruvian,Medium,East Village,9:18,12:51,1.9,true
279,Russian,Low,Gramercy,11:05,18:52,3.5,true
280,Russian,Low,Greenwich Village,10:25,21:31,4.9,true
281,Mexican,Medium,Flushing,8:14,23:29,3.9,true
282,Argentine,High,Fresh Meadows,11:46,13:29,1.4,false
283,Vietnamese,High,Flushing,8:04,12:03,4.9,false
284,Caribbean,Low,Jackson Heights,10:36,16:31,5.0,true
285,Greek,High,Meatpacking District,9:55,15:37,1.3,true
286,Korean,Medium,Washington Heights,11:40,16:30,1.5,true
287,Chinese,Medium,Astoria,11:00,15:57,2.8,false
288,Mexican,Medium,Corona,11:00,20:05,1.2,false
289,Peruvian,High,Jackson Heights,10:02,14:28,4.4,false
290,Indian,Low,Murray Hill,8:36,15:26,3.6,true
291,French,Medium,Flatiron District,10:46,17:28,1.9,true
292,Moroccan,Low,Ozone Park,10:12,18:11,4.9,false
293,Japanese,High,West Village,10:29,15:39,2.7,true
294,Korean,Low,Long Island City,10:01,15:53,1.4,true
295,Russian,Low,Union Square,11:55,14:13,3.0,false
296,Polish,Low,Ridgewood,8:47,16:05,2.8,true
297,German,Medium,Little Italy,10:38,22:38,1.5,true
298,Argentine,Medium,Battery Park City,11:06,20:52,2.6,false
299,American,High,Jamaica,11:47,18:31,2.0,true
300,American,Medium,Lower East Side,9:55,23:03,2.1,false
301,Argentine,Medium,Flushing,9:09,14:06,2.5,false
302,Spanish,Low,Upper West Side,11:57,15:19,1.9,false
303,Japanese,Low,Gramercy,11:04,12:38,2.0,false
304,Chinese,High,Fort George,9:53,18:41,2.5,false
305,Filipino,Medium,Woodhaven,8:04,17:54,2.7,false
306,Moroccan,Medium,Meatpacking District,11:40,12:59,2.3,false
307,Peruvian,High,Elmhurst,10:29,22:06,4.4,false
308,Italian,Low,Hollis,11:35,23:32,3.9,true
309,Peruvian,Medium,Kew Gardens,10:15,22:40,3.6,true
310,Italian,Low,Morningside Heights,11:49,15:32,3.9,true
311,Caribbean,Low,Woodhaven,9:37,14:43,5.0,true
312,Thai,Low,Jackson Heights,9:44,21:59,3.3,true
313,German,Low,Fort George,10:20,17:16,4.2,false
314,Greek,High,Ridgewood,10:29,17:43,4.7,true
315,Lebanese,Medium,Fort George,11:07,19:54,2.1,false
316,Indian,Medium,Ozone Park,9:18,13:11,1.1,true
317,Ethiopian,Medium,West Village,8:27,20:35,4.4,true
318,Caribbean,Medium,Richmond Hill,11:22,14:44,2.1,true
319,Indian,Low,Douglaston,11:03,16:01,4.1,true
320,Ethiopian,Low,Murray Hill,10:48,15:37,2.4,false
321,Greek,Low,Forest Hills,8:48,16:39,1.9,false
322,Chinese,Low,Corona,8:01,21:32,3.0,false
323,Thai,Medium,Union Square,9:02,15:01,3.3,true
324,American,High,Ridgewood,8:20,14:14,2.2,false
325,Brazilian,Medium,Queens Village,9:45,13:06,2.3,true
326,Lebanese,High,Upper West Side,10:48,20:09,1.6,false
327,Peruvian,Medium,Hollis,10:31,23:53,1.9,true
328,Spanish,High,Washington Heights,10:33,12:34,1.1,false
329,Vietnamese,Low,Greenwich Village,10:32,21:56,2.1,true
330,French,Low,Middle Village,8:04,17:12,5.0,true
331,Spanish,Low,Chinatown,10:22,23:31,2.7,false
332,Vietnamese,Low,Hollis,9:14,17:25,4.1,true
333,Spanish,Low,Forest Hills,10:03,12:49,2.1,false
334,Korean,Low,Elmhurst,11:41,23:15,1.1,false
335,Indian,Low,Astoria,10:47,14:51,2.3,false
336,Polish,Medium,Woodside,9:28,18:40,2.2,false
337,Thai,Low,Hell's Kitchen,8:19,13:49,1.0,true
338,Moroccan,Low,Financial District,8:55,21:59,4.3,false
339,Thai,High,Glendale,11:33,18:52,4.4,true
340,French,Medium,Sunnyside,10:40,14:15,2.9,false
341,French,High,South Ozone Park,9:44,15:21,4.9,true
342,Spanish,High,Ozone Park,9:36,13:03,4.1,true
343,Mediterranean,High,Forest Hills,9:30,16:34,2.6,true
344,Turkish,Low,Harlem,11:24,16:16,1.2,true
345,French,Medium,Meatpacking District,10:05,23:09,3.0,false
346,Mexican,Medium,Upper East Side,9:35,13:49,1.0,true
347,Caribbean,Medium,Midtown,10:24,20:58,3.2,false
348,Moroccan,Low,Little Italy,9:04,21:45,3.6,true
349,Korean,Low,South Ozone Park,11:02,12:32,4.7,false
350,German,Low,Woodhaven,8:29,17:31,1.6,true
351,Ethiopian,Low,Queens Village,11:22,12:52,3.3,false
352,Mediterranean,Medium,Forest Hills,10:53,19:04,1.9,false
353,Spanish,High,South Ozone Park,11:54,14:31,5.0,false
354,French,High,Meatpacking District,11:47,21:07,3.3,true
355,Ethiopian,High,Union Square,9:48,22:56,2.1,true
356,Greek,Low,West Village,11:58,17:52,3.6,false
357,Turkish,Low,Bayside,9:35,12:52,2.9,false
358,Ethiopian,High,Ozone Park,8:08,14:08,1.4,false
359,Polish,Low,Elmhurst,8:41,19:49,3.4,false
360,Argentine,High,East Harlem,8:05,19:52,1.4,true
361,Turkish,High,Gramercy,10:40,23:26,3.2,true
362,Chinese,Medium,West Village,11:17,18:23,4.1,false
363,Mexican,Low,Jackson Heights,11:36,12:09,1.8,false
364,Argentine,High,Woodside,11:55,13:46,3.0,true
365,Ethiopian,High,Long Island City,10:59,16:38,3.6,true
366,Peruvian,Medium,Queens Village,8:10,20:00,1.0,true
367,Polish,Medium,Corona,8:57,22:21,3.3,true
368,Greek,Low,Flatiron District,11:19,20:57,2.1,false
369,Greek,Low,Ozone Park,9:40,16:30,1.1,false
370,Vietnamese,Low,Douglaston,11:53,17:00,1.4,true
371,Russian,Low,Inwood,10:18,20:06,3.2,true
372,Italian,Low,Lower East Side,11:05,20:03,3.4,true
373,Japanese,Medium,Washington Heights,8:18,14:05,3.8,false
374,American,Low,Ridgewood,10:28,16:17,1.6,true
375,Korean,Medium,Upper East Side,11:42,13:31,4.7,true
376,Mediterranean,Low,Bayside,8:18,17:52,5.0,false
377,Russian,Low,Sunnyside,10:46,19:45,1.7,false
378,Polish,High,Douglaston,9:10,14:45,2.4,true
379,Spanish,Low,Corona,10:29,17:36,3.2,true
380,Italian,High,Flushing,11:38,22:39,4.1,false
381,Italian,Medium,Corona,11:48,16:55,3.8,true
382,Russian,Medium,Ozone Park,10:25,13:05,4.3,true
383,German,Medium,Flatiron District,10:21,12:13,2.1,false
384,Moroccan,Medium,Lower East Side,10:33,17:18,1.6,true
385,Argentine,High,Little Neck,10:52,12:44,1.7,true
386,Peruvian,Low,Meatpacking District,8:44,12:52,2.9,true
387,Korean,High,Ozone Park,10:40,21:34,1.3,false
388,Spanish,Low,Lower East Side,8:32,23:03,3.5,true
389,Argentine,Medium,Sunnyside,8:07,16:32,4.0,false
390,Polish,High,Elmhurst,10:11,21:47,3.2,false
391,French,High,Middle Village,8:44,12:13,1.5,false
392,Thai,Low,Elmhurst,9:59,18:13,1.4,true
393,Chinese,Low,Nolita,11:53,16:03,1.7,false
394,Korean,Medium,Battery Park City,10:10,14:04,1.4,true
395,Mexican,Low,Rego Park,11:18,23:17,4.3,true
396,American,Medium,Bayside,11:40,18:51,2.9,false
397,Mexican,Low,West Village,10:24,21:52,4.6,true
398,Chinese,High,Middle Village,10:39,19:10,2.0,true
399,American,Medium,Chinatown,11:53,12:10,1.1,true
400,Greek,Low,Sunnyside,11:17,15:24,4.4,true
401,Japanese,High,Corona,9:11,22:31,1.5,true
402,Mexican,Medium,Tribeca,11:41,17:30,2.0,true
403,Lebanese,High,Corona,9:15,23:39,2.9,true
404,Argentine,Low,Astoria,8:39,12:32,2.1,false
405,Polish,Low,Little Neck,8:02,20:20,1.9,false
406,German,High,Ozone Park,8:01,22:04,1.2,true
407,Polish,High,Richmond Hill,11:46,22:04,2.4,false
408,Indian,Low,Washington Heights,9:03,21:21,3.8,true
409,Lebanese,High,Midtown,8:12,13:54,5.0,true
410,Italian,High,Chelsea,8:13,15:04,1.7,false
411,Korean,Medium,Middle Village,11:12,18:16,2.8,true
412,Korean,Low,Midtown,11:51,21:41,3.9,true
413,Japanese,Low,Fresh Meadows,9:52,22:24,2.5,false
414,Moroccan,High,Bayside,9:55,17:02,2.7,false
415,Indian,Low,Glendale,8:02,13:26,2.9,false
416,Japanese,High,Hell's Kitchen,9:57,16:13,4.5,true
417,French,Medium,Little Italy,8:01,16:11,4.8,true
418,Vietnamese,Medium,Greenwich Village,9:02,20:36,2.9,true
419,Filipino,Low,Kew Gardens,8:14,21:27,1.8,false
420,Korean,Low,Hell's Kitchen,11:56,14:52,1.2,true
421,Polish,High,Woodside,10:15,12:00,3.7,true
422,American,High,Washington Heights,9:26,23:16,3.0,true
423,Moroccan,High,Lower East Side,10:17,17:09,2.6,false
424,Turkish,Low,Woodhaven,9:41,15:56,1.1,true
425,Moroccan,Low,Douglaston,11:08,14:02,3.7,false
426,Polish,Medium,South Ozone Park,11:35,22:40,3.3,true
427,Spanish,Low,Morningside Heights,10:53,19:28,4.6,false
428,Indian,Medium,Kew Gardens,10:40,16:02,2.5,false
429,Greek,Medium,Meatpacking District,9:16,23:20,2.5,true
430,American,Low,Corona,10:27,19:33,2.0,false
431,Polish,Medium,Flatiron District,9:13,13:43,4.1,true
432,Vietnamese,High,Lower East Side,8:57,19:08,4.9,false
433,Lebanese,Low,Glendale,11:32,23:18,1.2,false
434,French,High,Tribeca,11:38,19:01,3.9,true
435,Russian,Medium,Bayside,9:57,23:45,4.5,true
436,Thai,High,Corona,11:26,16:52,3.4,false
437,Korean,Medium,Sunnyside,10:53,21:10,3.2,false
438,Moroccan,High,Chinatown,9:01,21:56,3.3,false
439,Russian,Medium,Douglaston,8:59,20:29,4.8,true
440,Caribbean,Low,East Village,11:24,18:28,1.8,true
441,Italian,Low,Flatiron District,10:13,12:00,3.0,true
442,Peruvian,High,Hollis,8:40,14:02,1.3,true
443,Mexican,Medium,East Village,8:09,14:51,3.1,true
444,German,Medium,Washington Heights,10:05,13:27,2.8,false
445,Indian,Low,Murray Hill,11:38,16:56,3.6,false
446,Thai,High,Richmond Hill,10:37,23:38,2.5,false
447,Moroccan,High,Corona,8:58,12:32,4.3,false
448,Argentine,Medium,Forest Hills,10:29,12:44,1.5,true
449,Peruvian,High,Nolita,10:34,23:11,4.0,false
450,Mediterranean,Low,Murray Hill,9:10,16:48,3.0,false
451,Filipino,Low,SoHo,9:33,21:10,4.9,true
452,Mediterranean,Low,Washington Heights,8:56,12:22,1.5,false
453,Chinese,Medium,Nolita,8:59,12:45,1.4,false
454,Turkish,High,Lower East Side,10:58,17:21,2.1,false
455,Indian,High,Astoria,8:39,20:22,4.3,false
456,American,High,Tribeca,8:11,17:21,1.7,true
457,Indian,Low,Financial District,10:25,13:35,1.2,true
458,Turkish,Low,Long Island City,8:47,15:11,4.6,false
459,Greek,High,South Ozone Park,9:31,16:16,4.6,false
460,Mexican,Low,South Ozone Park,10:54,15:26,2.2,false
461,Peruvian,Low,Murray Hill,10:41,21:32,3.4,false
462,Brazilian,Low,Jamaica,9:48,18:58,4.1,false
463,American,Low,Jackson Heights,10:16,23:02,3.1,true
464,Greek,Medium,Washington Heights,10:35,15:22,2.3,true
465,Brazilian,Medium,East Village,10:52,12:47,3.3,true
466,Caribbean,High,Gramercy,9:01,23:42,2.2,true
467,French,Low,Nolita,10:21,19:31,1.6,false
468,Caribbean,Medium,Greenwich Village,9:03,14:56,1.7,false
469,Russian,High,Little Neck,9:03,20:49,4.7,false
470,Argentine,Medium,Jackson Heights,10:06,19:58,2.2,false
471,American,Medium,East Harlem,8:04,15:14,4.8,false
472,German,High,Ozone Park,10:25,23:28,2.9,false
473,Spanish,High,Douglaston,10:08,17:01,3.5,true
474,Filipino,High,Little Neck,8:28,14:35,3.3,false
475,Mexican,Medium,East Village,8:00,21:11,1.9,false
476,Russian,Low,Midtown,10:40,23:42,4.2,true
477,Italian,Low,Middle Village,8:05,23:34,3.8,false
478,Argentine,High,West Village,8:12,19:05,4.8,false
479,Lebanese,Low,Glendale,9:36,12:00,3.6,true
480,Italian,Low,Bayside,8:02,16:05,3.2,false
481,Chinese,High,Astoria,8:33,19:35,4.4,false
482,Thai,High,Queens Village,10:51,13:10,3.2,false
483,Brazilian,Medium,Jackson Heights,8:39,15:07,1.6,false
484,Indian,Medium,Hollis,8:36,15:29,1.8,true
485,German,Low,Queens Village,8:41,17:21,3.9,true
486,Spanish,Low,Gramercy,9:46,16:31,4.4,false
487,Spanish,Medium,Middle Village,9:04,20:05,1.7,false
488,Argentine,Medium,South Ozone Park,11:50,16:50,2.8,true
489,Caribbean,High,Flatiron District,8:13,18:50,4.0,false
490,Korean,Medium,Flatiron District,9:38,19:13,4.6,false
491,Korean,Low,Middle Village,9:57,12:45,4.1,true
492,Japanese,High,Ozone Park,9:40,14:34,4.5,true
493,Moroccan,Medium,Glendale,8:57,18:41,1.9,false
494,Peruvian,High,Richmond Hill,10:30,16:38,4.6,false
495,Brazilian,High,Douglaston,9:13,14:28,2.5,false
496,Chinese,High,Forest Hills,9:44,23:49,2.4,true
497,Indian,Low,Richmond Hill,8:48,12:36,2.7,false
498,Thai,High,Rego Park,11:47,15:30,5.0,false
499,Thai,Low,Hollis,10:56,14:18,2.9,true
500,American,Medium,East Village,8:20,16:53,4.1,false
501,Chinese,Medium,Chelsea,9:50,13:47,2.0,true
502,German,High,Upper West Side,9:06,16:52,4.1,true
503,Korean,Medium,Flushing,8:25,18:10,3.8,false
504,Spanish,High,Nolita,10:15,22:08,2.2,false
505,German,Medium,Bayside,11:39,21:37,2.4,true
506,Mexican,High,Tribeca,9:39,16:03,4.4,true
507,Peruvian,High,Corona,9:41,16:57,2.5,true
508,Chinese,High,Hell's Kitchen,11:44,19:18,4.9,true
509,American,Medium,Little Italy,10:45,23:31,4.6,false
510,Mexican,Medium,Gramercy,9:39,16:16,4.4,true
511,Mexican,High,Fort George,11:49,17:52,3.6,false
512,Korean,Low,Kew Gardens,9:25,18:42,4.0,false
513,Mediterranean,Medium,Ridgewood,11:45,22:22,3.9,true
514,American,High,Little Italy,10:06,22:35,2.9,true
515,Brazilian,Medium,Woodhaven,9:30,18:25,2.5,true
516,Japanese,Low,Jamaica,10:04,16:31,2.9,true
517,Brazilian,High,Chelsea,10:01,13:30,1.6,true
518,German,High,Battery Park City,11:52,17:16,2.2,false
519,Turkish,Low,Gramercy,10:05,22:28,2.6,false
520,Brazilian,Low,Upper West Side,11:34,20:18,2.5,false
521,Moroccan,Medium,Woodside,10:25,19:52,3.9,false
522,German,Low,East Village,10:19,15:15,3.0,true
523,Spanish,High,Richmond Hill,10:20,20:41,4.3,true
524,Russian,Low,Lower East Side,11:16,21:10,1.3,false
525,Lebanese,Medium,Forest Hills,10:42,20:25,4.5,false
526,Vietnamese,High,Chelsea,9:59,17:03,3.9,true
527,Mediterranean,Low,Midtown,10:23,20:46,3.3,false
528,Filipino,Low,Bayside,10:08,20:14,2.1,true
529,Brazilian,Low,Corona,8:28,15:25,3.6,true
530,Mediterranean,Medium,Financial District,10:14,17:27,3.7,true
531,German,Medium,Forest Hills,9:27,21:43,1.9,false
532,Vietnamese,Medium,Chinatown,9:38,19:28,2.3,false
533,American,High,Flushing,11:25,18:18,1.9,false
534,Mediterranean,Low,Jamaica,9:19,16:26,1.4,false
535,Caribbean,High,Greenwich Village,10:40,17:24,2.6,false
536,Greek,Low,Fort George,9:21,13:25,1.9,true
537,Korean,Medium,Elmhurst,8:56,18:14,4.2,true
538,Brazilian,Medium,Flatiron District,8:37,21:07,4.0,false
539,Mediterranean,Medium,Long Island City,11:35,17:32,2.8,false
540,Lebanese,High,Rego Park,8:34,19:42,4.8,false
541,Spanish,Low,Forest Hills,10:02,17:51,3.0,false
542,Lebanese,Medium,Forest Hills,11:20,19:14,1.3,false
543,Peruvian,Low,Glendale,11:12,16:36,1.5,false
544,Moroccan,High,Jackson Heights,11:54,13:33,4.5,true
545,Indian,High,Upper East Side,11:02,19:11,2.0,false
546,Polish,Low,Elmhurst,9:38,15:19,2.6,true
547,Turkish,High,Upper East Side,10:13,14:12,1.5,false
548,Ethiopian,Low,Douglaston,8:58,23:10,4.6,true
549,Caribbean,Medium,Fresh Meadows,10:29,14:26,4.7,true
550,Turkish,Medium,Bayside,11:43,14:08,4.4,false
551,Caribbean,Medium,Middle Village,10:31,19:30,2.3,true
552,Russian,Medium,Flatiron District,8:10,18:37,3.4,true
553,Lebanese,Low,SoHo,11:25,12:41,5.0,true
554,Peruvian,Low,South Ozone Park,9:55,18:43,2.4,true
555,Thai,Medium,West Village,10:27,15:47,4.8,false
556,Moroccan,Low,Kew Gardens,10:08,13:02,2.6,false
557,Lebanese,Medium,East Village,8:25,20:51,5.0,true
558,Italian,Medium,South Ozone Park,11:19,12:54,1.5,true
559,French,Medium,Jackson Heights,8:31,14:56,4.1,false
560,French,Low,Tribeca,11:53,17:35,4.0,true
561,Argentine,Medium,Sunnyside,11:00,16:11,1.2,false
562,American,High,Battery Park City,8:26,15:39,1.7,false
563,Vietnamese,Low,Rego Park,8:20,18:43,3.7,false
564,Lebanese,Low,Corona,9:50,19:00,4.5,false
565,Filipino,Low,Chelsea,10:06,17:36,3.6,false
566,Turkish,Low,Little Italy,10:06,20:59,4.3,false
567,German,High,Inwood,11:43,16:23,2.8,true
568,Spanish,Medium,Bayside,9:08,16:41,3.5,true
569,Lebanese,Medium,Douglaston,9:53,20:06,3.3,false
570,Mexican,Medium,Murray Hill,9:03,23:12,3.9,false
571,Argentine,Low,Chinatown,11:17,15:56,1.9,true
572,Greek,Low,Glendale,11:26,16:39,4.6,false
573,Japanese,Medium,Kew Gardens,9:08,20:15,3.7,false
574,Peruvian,Medium,Flushing,11:16,13:44,1.3,false
575,Polish,Low,Ridgewood,11:15,12:27,4.3,false
576,Caribbean,Low,Hell's Kitchen,10:30,21:55,1.9,false
577,Mediterranean,High,Flatiron District,11:41,13:00,3.0,false
578,Spanish,Medium,Kew Gardens,11:25,13:26,3.1,true
579,Japanese,Medium,Richmond Hill,10:27,14:05,3.6,true
580,Peruvian,Medium,Fresh Meadows,9:30,16:26,3.6,false
581,Turkish,High,Douglaston,8:01,21:44,2.3,true
582,German,Medium,Ridgewood,8:37,13:36,3.8,true
583,Greek,Medium,Rego Park,11:42,23:34,3.3,false
584,Thai,Low,Chinatown,8:22,22:44,2.9,true
585,Ethiopian,Low,Hell's Kitchen,9:06,23:42,2.9,false
586,Mexican,High,Meatpacking District,8:42,19:19,2.4,false
587,Peruvian,High,Flushing,9:05,15:47,3.2,false
588,Mediterranean,Medium,Fort George,8:31,13:28,2.5,false
589,Mediterranean,Low,Astoria,10:06,16:26,3.4,true
590,Italian,Low,Jackson Heights,11:13,22:55,1.3,false
591,Polish,Medium,Jamaica,9:20,19:16,2.1,false
592,Japanese,High,Murray Hill,10:36,17:39,2.2,false
593,Brazilian,High,Battery Park City,11:37,13:30,2.4,false
594,Turkish,Low,South Ozone Park,10:01,15:09,2.1,true
595,Thai,Medium,Astoria,9:01,16:52,1.2,true
596,Japanese,Low,Hollis,8:30,12:46,3.2,false
597,Caribbean,Low,Astoria,10:03,21:03,2.6,false
598,Vietnamese,Medium,Ozone Park,9:16,12:47,1.2,false
599,Indian,High,Sunnyside,9:58,19:45,2.3,true
600,French,Medium,Sunnyside,11:24,20:23,4.3,true
601,Japanese,Low,West Village,10:12,23:02,1.4,false
602,Caribbean,High,Douglaston,9:46,15:13,1.0,true
603,Moroccan,Medium,West Village,10:43,16:44,1.2,false
604,Korean,Medium,Financial District,11:16,17:52,4.4,false
605,Japanese,High,Bayside,10:32,21:18,2.6,false
606,Caribbean,High,Little Italy,8:58,13:45,3.3,false
607,Moroccan,High,Union Square,9:04,23:28,4.9,true
608,Greek,Low,Morningside Heights,10:38,21:10,1.6,false
609,Turkish,Medium,Kew Gardens,9:43,13:44,2.9,true
610,Japanese,Medium,Hell's Kitchen,9:34,20:08,3.3,false
611,Filipino,High,Midtown,11:30,23:49,3.7,false
612,Mediterranean,High,Flushing,10:52,18:56,3.2,true
613,Brazilian,Low,Lower East Side,8:16,14:47,3.7,false
614,German,Low,Midtown,9:19,13:34,1.3,false
615,German,High,East Harlem,8:00,15:19,3.3,true
616,Argentine,Low,Little Italy,11:57,16:44,2.2,true
617,Vietnamese,Medium,Gramercy,9:12,22:26,4.7,true
618,Polish,Medium,Hollis,11:29,20:50,2.2,false
619,Mexican,Low,Douglaston,9:03,21:16,4.1,true
620,Russian,High,Woodside,8:09,23:50,2.6,false
621,Japanese,High,South Ozone Park,8:48,16:12,2.9,true
622,Argentine,Medium,Little Neck,10:40,14:49,1.1,true
623,Caribbean,Medium,Tribeca,8:28,14:31,2.7,false
624,Mexican,Medium,Ridgewood,9:54,17:49,2.0,false
625,French,Medium,Greenwich Village,10:28,23:29,2.9,false
626,Turkish,High,Jamaica,8:51,14:30,1.5,true
627,Polish,High,Corona,11:25,19:15,2.1,false
628,Argentine,Medium,Woodside,10:41,19:59,3.5,true
629,Greek,High,Murray Hill,9:20,17:29,4.8,false
630,Moroccan,Medium,Astoria,9:43,19:08,3.8,true
631,Spanish,Low,Kew Gardens,8:56,16:32,4.4,true
632,Thai,High,Financial District,9:50,15:19,4.8,false
633,French,Medium,South Ozone Park,11:17,15:35,4.3,true
634,Russian,Medium,Sunnyside,8:23,17:29,2.6,true
635,Lebanese,Medium,Jamaica,9:03,20:33,3.4,true
636,Caribbean,Low,Tribeca,10:42,19:00,4.0,true
637,Korean,Low,Woodside,8:11,18:05,1.0,false
638,Turkish,Medium,Queens Village,10:49,17:52,4.7,true
639,Polish,Low,South Ozone Park,9:33,21:55,4.0,false
640,Indian,High,Chinatown,11:33,19:37,1.8,false
641,Moroccan,High,Elmhurst,10:49,17:46,3.5,true
642,French,High,SoHo,11:16,15:02,1.4,false
643,Polish,High,Long Island City,8:21,19:54,2.7,false
644,Italian,High,Gramercy,9:13,17:29,1.7,false
645,Chinese,High,Ridgewood,8:53,17:50,2.7,false
646,Ethiopian,Medium,Glendale,9:07,19:35,4.9,true
647,Italian,Medium,Little Italy,9:18,20:36,1.2,true
648,Filipino,Low,Harlem,9:55,23:47,3.8,true
649,American,Medium,Upper East Side,11:01,18:18,1.7,true
650,Vietnamese,High,Douglaston,11:37,23:15,3.1,false
651,Japanese,High,Washington Heights,10:04,18:40,2.0,false
652,Chinese,Low,Upper East Side,10:47,23:00,4.6,true
653,Peruvian,High,Morningside Heights,10:32,20:05,4.8,false
654,Mediterranean,High,Tribeca,11:52,19:43,2.4,false
655,Argentine,High,Middle Village,11:36,19:13,2.4,false
656,Thai,Medium,Greenwich Village,10:42,22:53,4.2,false
657,Vietnamese,Low,Nolita,9:24,15:30,4.0,true
658,Spanish,High,Hell's Kitchen,11:32,20:50,1.5,true
659,Polish,Medium,Washington Heights,11:45,20:08,2.4,false
660,Mediterranean,Medium,Greenwich Village,9:03,17:20,1.8,false
661,German,Low,East Harlem,10:09,12:22,4.0,false
662,Polish,Medium,Douglaston,10:28,14:42,2.8,false
663,Ethiopian,Medium,Fresh Meadows,11:04,17:38,4.5,true
664,Turkish,Medium,Forest Hills,10:05,20:04,2.4,false
665,German,Medium,Sunnyside,8:16,23:23,1.3,false
666,Turkish,High,Kew Gardens,8:18,18:01,1.2,false
667,Polish,Low,Douglaston,9:41,14:46,3.3,false
668,Japanese,Medium,Upper West Side,11:57,16:46,3.5,true
669,Russian,Low,Upper East Side,9:09,18:21,2.7,true
670,Chinese,Low,Washington Heights,11:03,12:08,2.4,true
671,American,Medium,Fresh Meadows,9:54,23:23,4.5,true
672,Brazilian,Medium,Murray Hill,10:54,14:20,4.3,false
673,Chinese,High,South Ozone Park,8:05,15:37,3.6,true
674,Italian,High,Nolita,9:45,22:00,2.3,true
675,Greek,Low,Kew Gardens,9:54,23:20,1.5,false
676,Mediterranean,Medium,Fresh Meadows,8:30,23:24,1.2,true
677,Peruvian,High,Little Neck,8:50,18:15,2.6,false
678,Moroccan,Low,Sunnyside,10:51,20:00,1.7,true
679,Italian,Low,Morningside Heights,10:29,23:51,4.8,false
680,Thai,High,Inwood,8:41,17:02,4.8,false
681,Indian,High,Fresh Meadows,11:21,19:51,3.0,true
682,Caribbean,High,Forest Hills,11:32,19:35,3.8,true
683,Caribbean,Medium,Upper East Side,9:08,13:28,1.9,false
684,Thai,Medium,Kew Gardens,8:49,16:51,3.3,false
685,Mexican,High,Forest Hills,8:48,17:54,4.8,false
686,Thai,High,Morningside Heights,10:22,21:43,4.0,true
687,Mediterranean,High,Hell's Kitchen,9:27,14:11,4.7,true
688,Vietnamese,Medium,Battery Park City,9:43,18:08,4.7,true
689,Moroccan,Low,Douglaston,11:41,12:47,1.4,false
690,Japanese,High,Murray Hill,10:40,14:14,2.7,false
691,Japanese,Low,Bayside,8:21,15:12,4.9,true
692,Peruvian,Low,Kew Gardens,11:49,21:38,1.8,false
693,Korean,Medium,Battery Park City,8:51,14:02,3.9,false
694,Moroccan,Low,Corona,10:50,19:27,2.4,true
695,Filipino,High,Corona,11:52,15:39,1.6,true
696,Indian,Medium,Douglaston,11:09,13:58,4.4,true
697,Polish,Low,Fresh Meadows,8:36,23:51,3.0,true
698,Moroccan,Medium,Upper West Side,9:48,12:49,1.3,false
699,Mexican,Medium,Inwood,9:54,23:03,1.6,false
700,French,High,Greenwich Village,9:28,12:18,3.0,false
701,Vietnamese,Medium,West Village,10:19,22:53,1.6,true
702,Korean,Medium,Battery Park City,9:47,15:45,5.0,false
703,Peruvian,Low,East Harlem,11:51,17:47,2.7,true
704,Caribbean,Medium,Financial District,10:32,21:50,4.8,true
705,Korean,Low,Chelsea,10:19,16:55,1.6,false
706,American,Low,Flushing,11:44,12:51,4.7,false
707,Thai,Low,Richmond Hill,8:14,19:31,1.8,true
708,Russian,High,Harlem,10:24,20:00,2.5,true
709,Turkish,Medium,Middle Village,10:46,21:21,1.7,false
710,Japanese,High,East Harlem,8:31,13:51,2.1,false
711,Ethiopian,High,South Ozone Park,9:25,21:27,1.4,true
712,Turkish,High,Little Italy,9:15,15:39,1.9,true
713,Peruvian,Low,Jamaica,11:37,23:32,2.0,false
714,Ethiopian,Low,Flatiron District,11:49,15:08,1.8,false
715,French,Medium,Flatiron District,11:45,13:24,1.6,false
716,American,High,Fresh Meadows,8:14,21:43,1.3,true
717,Moroccan,Medium,Woodhaven,8:17,22:35,2.0,true
718,American,High,Astoria,10:43,15:53,2.1,false
719,Ethiopian,High,Meatpacking District,10:17,16:11,3.7,true
720,Filipino,Low,Morningside Heights,8:11,18:35,3.0,false
721,French,High,Corona,8:34,15:03,3.7,true
722,Russian,High,Upper West Side,11:09,19:48,4.1,false
723,Filipino,Low,Bayside,8:37,19:26,3.9,false
724,Filipino,Low,Ozone Park,11:26,12:46,1.6,true
725,Polish,High,Tribeca,11:45,17:05,1.6,true
726,Brazilian,High,Greenwich Village,9:46,22:41,4.9,true
727,Russian,Medium,Fresh Meadows,11:10,18:10,2.2,false
728,Thai,Medium,Kew Gardens,8:35,16:08,4.0,true
729,Japanese,Medium,Washington Heights,9:48,20:45,3.7,false
730,Spanish,Medium,Elmhurst,9:10,19:22,4.3,true
731,Moroccan,Low,Ridgewood,9:39,17:47,1.9,true
732,Greek,Medium,East Harlem,11:00,18:22,1.8,false
733,American,Medium,Union Square,10:40,17:42,4.0,false
734,Moroccan,High,West Village,8:35,19:49,2.6,true
735,Polish,Low,Astoria,8:13,18:11,4.1,true
736,Indian,Medium,Greenwich Village,10:05,16:24,1.7,true
737,Caribbean,Low,Little Neck,11:38,22:03,4.7,false
738,German,Medium,Sunnyside,9:43,18:35,1.9,true
739,Mexican,Low,Glendale,10:34,14:19,5.0,true
740,Mexican,Low,Jackson Heights,10:03,16:32,2.6,true
741,Greek,High,Middle Village,9:07,14:17,4.3,true
742,Thai,Medium,Woodhaven,8:28,21:14,3.1,true
743,Italian,Medium,Woodside,11:35,18:45,4.8,false
744,Spanish,Low,Rego Park,8:26,12:11,3.4,false
745,Korean,High,Corona,10:31,14:25,4.3,true
746,Polish,Medium,Upper East Side,8:07,17:10,1.1,false
747,Moroccan,Low,Jackson Heights,9:27,13:11,1.5,false
748,American,Low,Sunnyside,9:42,23:33,3.4,false
749,Greek,Low,Tribeca,11:29,18:11,3.6,false
750,French,Low,Upper East Side,9:46,21:16,2.1,true
751,Argentine,High,Greenwich Village,11:51,21:56,4.8,true
752,Polish,Medium,Harlem,9:10,17:17,4.1,true
753,Caribbean,Medium,Fort George,9:33,21:28,2.7,false
754,Italian,Low,East Village,9:43,20:33,4.8,true
755,Mexican,Medium,Sunnyside,10:57,21:51,3.2,false
756,Mexican,High,Gramercy,9:02,12:16,2.8,true
757,Vietnamese,High,East Harlem,10:28,22:25,3.2,false
758,Argentine,Medium,West Village,10:21,17:26,4.9,false
759,Moroccan,Low,Meatpacking District,10:32,19:01,2.1,false
760,French,High,East Harlem,10:00,19:33,1.6,true
761,Chinese,High,Elmhurst,11:34,22:26,2.8,false
762,Caribbean,High,West Village,11:36,18:48,3.5,true
763,Caribbean,High,Woodside,8:10,15:34,2.0,true
764,Brazilian,Medium,Little Neck,10:35,13:51,1.2,false
765,Vietnamese,High,Bayside,10:18,21:11,4.6,false
766,Mexican,Medium,West Village,10:53,15:36,4.9,false
767,Spanish,Low,Tribeca,11:46,18:46,4.7,false
768,Caribbean,Medium,Ridgewood,10:18,21:26,2.2,true
769,Ethiopian,High,Ridgewood,8:19,23:47,1.0,false
770,Greek,Medium,Fresh Meadows,9:58,16:02,2.5,false
771,Caribbean,High,Corona,9:40,23:07,3.3,false
772,Filipino,Low,Bayside,11:10,18:45,1.9,true
773,Peruvian,Low,Middle Village,11:06,19:36,1.6,false
774,Spanish,Medium,Douglaston,10:56,20:02,5.0,true
775,Filipino,High,Ozone Park,9:51,18:07,1.9,false
776,Caribbean,Medium,Harlem,11:48,16:19,2.1,false
777,Moroccan,Medium,Woodside,11:29,16:57,3.8,true
778,French,High,Woodhaven,11:07,16:14,2.4,false
779,Lebanese,Low,Tribeca,9:14,14:04,1.6,true
780,Thai,Medium,Flushing,9:12,16:09,2.9,false
781,Argentine,Medium,Upper East Side,9:17,20:41,3.0,true
782,Greek,High,Washington Heights,10:11,19:31,4.9,false
783,Filipino,High,West Village,10:50,23:40,3.5,false
784,Spanish,Medium,Little Neck,10:44,19:35,2.5,true
785,Ethiopian,High,Little Neck,10:40,16:08,5.0,false
786,Italian,Low,Morningside Heights,11:53,18:22,4.6,false
787,Chinese,High,Ozone Park,8:09,18:59,2.7,false
788,Korean,High,East Harlem,8:25,20:11,2.2,false
789,French,High,Elmhurst,8:02,17:53,1.1,false
790,American,Low,Morningside Heights,8:18,14:07,4.5,true
791,American,Medium,Bayside,8:15,16:41,2.8,true
792,Ethiopian,Medium,Morningside Heights,8:48,22:15,3.9,true
793,German,Medium,Jackson Heights,8:57,16:06,3.4,true
794,Italian,Low,Astoria,9:39,17:05,1.9,true
795,Lebanese,High,Financial District,10:10,15:09,4.8,true
796,Mexican,Medium,Hell's Kitchen,8:05,13:16,2.8,true
797,Moroccan,Medium,Midtown,10:21,21:26,4.6,false
798,Caribbean,Medium,Glendale,11:43,18:25,3.6,false
799,French,Medium,West Village,8:46,13:35,1.5,true
800,Korean,Medium,Chinatown,8:17,13:48,2.7,false
801,Italian,Low,Forest Hills,9:11,18:15,4.1,true
802,Chinese,Medium,Fort George,11:35,18:00,2.9,true
803,Spanish,Medium,Fresh Meadows,11:29,22:46,2.8,false
804,Argentine,Medium,Fort George,8:39,23:24,2.3,false
805,Russian,High,Corona,8:01,19:09,2.1,false
806,Argentine,High,Financial District,10:31,19:03,1.5,false
807,Mexican,Low,Jackson Heights,8:39,20:45,1.4,false
808,Indian,Low,Chelsea,8:05,13:46,2.6,false
809,Thai,Low,Union Square,10:27,23:40,4.9,false
810,Chinese,Medium,Douglaston,8:41,19:00,3.7,true
811,Thai,High,Midtown,10:55,17:15,2.3,true
812,Filipino,Medium,Jackson Heights,9:40,22:58,3.6,false
813,Indian,High,Corona,11:56,20:57,2.8,true
814,Greek,High,Financial District,10:14,19:09,2.6,false
815,Argentine,Low,Gramercy,10:47,20:31,4.1,false
816,Japanese,Medium,Astoria,11:06,22:37,3.9,false
817,Lebanese,High,Richmond Hill,11:56,17:26,2.3,true
818,Mediterranean,Medium,Richmond Hill,8:54,17:59,4.7,true
819,Korean,High,Fresh Meadows,9:52,13:59,4.3,false
820,Japanese,Medium,Kew Gardens,8:59,13:15,1.4,false
821,Korean,High,South Ozone Park,10:47,17:01,1.6,true
822,Ethiopian,Low,Union Square,9:10,16:58,4.6,true
823,Argentine,High,East Harlem,10:37,20:35,4.0,true
824,Greek,Medium,Chelsea,8:41,16:10,3.7,false
825,Polish,Medium,Flushing,8:48,20:17,1.6,false
826,Greek,Low,SoHo,9:19,12:55,4.8,true
827,Spanish,High,Ozone Park,8:40,22:58,2.7,false
828,Turkish,Low,Elmhurst,11:42,20:54,1.4,true
829,Peruvian,High,Morningside Heights,8:21,17:46,3.2,false
830,Italian,High,Nolita,11:32,23:36,3.8,true
831,Spanish,High,Elmhurst,10:31,17:45,3.5,true
832,Japanese,Medium,Long Island City,11:59,15:33,3.9,false
833,French,High,Lower East Side,8:14,15:51,1.0,false
834,Lebanese,Medium,Jamaica,11:56,22:51,3.6,false
835,Ethiopian,Low,Little Italy,8:40,20:52,4.1,true
836,Chinese,Low,Douglaston,9:48,19:14,2.4,true
837,Chinese,Low,Murray Hill,11:23,16:34,2.4,true
838,Turkish,Low,Hell's Kitchen,9:33,19:36,2.7,false
839,Japanese,Medium,Middle Village,10:40,15:22,3.4,true
840,German,High,Murray Hill,8:21,13:14,1.5,true
841,Brazilian,High,Nolita,9:45,15:47,1.8,true
842,American,High,Jackson Heights,10:31,17:00,3.2,true
843,Russian,High,Jamaica,8:19,22:31,4.9,false
844,Moroccan,High,Nolita,10:54,23:42,4.3,false
845,Greek,High,Ozone Park,9:19,21:21,2.9,false
846,Filipino,High,Sunnyside,8:49,18:30,1.5,false
847,Spanish,Medium,Chinatown,11:46,22:26,1.6,false
848,Japanese,High,Upper East Side,11:27,21:36,2.5,true
849,Turkish,High,Glendale,8:40,16:30,2.9,true
850,Greek,Medium,Midtown,11:28,16:29,2.3,true
851,Lebanese,Low,Astoria,8:13,13:23,3.7,false
852,Mediterranean,Medium,Kew Gardens,9:21,19:00,4.7,true
853,Korean,High,Little Neck,11:35,21:06,4.5,true
854,Polish,High,Fresh Meadows,9:00,21:26,2.8,true
855,Brazilian,Low,Flatiron District,10:30,23:54,1.0,false
856,Russian,Medium,Flatiron District,10:13,16:29,1.6,true
857,Russian,Medium,Flatiron District,10:10,14:41,2.3,false
858,Italian,Medium,Meatpacking District,10:10,13:39,3.2,false
859,Korean,Low,Chelsea,8:25,12:54,2.3,true
860,Indian,High,Nolita,11:08,14:10,3.9,false
861,Russian,Medium,Washington Heights,11:15,23:19,4.3,false
862,Greek,Low,Flushing,9:23,22:24,1.5,true
863,Mexican,Medium,Kew Gardens,11:19,21:17,4.5,false
864,Italian,Low,Flatiron District,9:05,21:48,2.3,false
865,American,Medium,Queens Village,8:26,23:01,4.8,false
866,Argentine,Medium,Nolita,11:14,23:57,2.2,false
867,Japanese,Medium,Astoria,10:20,23:49,2.3,true
868,Mexican,Low,Queens Village,8:06,19:34,3.0,false
869,German,High,Elmhurst,11:07,15:10,2.3,true
870,Greek,High,Hollis,11:14,13:44,3.5,true
871,Moroccan,Medium,Rego Park,10:46,20:39,2.7,true
872,Italian,Low,Union Square,10:20,17:57,4.0,false
873,Russian,Low,Lower East Side,9:06,19:10,1.6,false
874,Italian,High,Richmond Hill,11:14,12:21,4.4,true
875,Indian,Medium,Flushing,10:49,15:12,4.8,false
876,Vietnamese,Low,Richmond Hill,9:52,14:42,2.7,true
877,American,Medium,Ridgewood,9:41,16:04,1.8,false
878,German,High,Woodhaven,10:26,22:21,3.2,false
879,Vietnamese,Low,Long Island City,8:35,12:29,2.8,false
880,French,Low,Richmond Hill,9:32,20:13,2.0,true
881,French,Medium,Gramercy,9:54,17:26,3.5,true
882,Brazilian,High,Lower East Side,11:56,17:01,3.5,true
883,Spanish,Low,Lower East Side,8:52,23:26,3.5,true
884,Thai,Medium,Gramercy,8:51,15:50,3.7,false
885,Spanish,Medium,Murray Hill,11:53,20:21,1.4,true
886,Lebanese,High,Long Island City,11:57,12:42,2.0,false
887,Thai,Medium,Astoria,8:45,12:52,1.3,false
888,Russian,Low,East Village,8:20,17:49,2.6,false
889,Ethiopian,High,Corona,8:14,20:58,3.0,true
890,Vietnamese,Medium,Jamaica,9:48,20:51,3.4,true
891,German,High,Middle Village,11:26,23:26,4.5,false
892,Polish,Low,Union Square,8:01,18:09,2.1,true
893,Caribbean,High,Douglaston,8:08,19:38,2.8,false
894,German,High,Fort George,10:29,13:08,1.1,false
895,Caribbean,Medium,Jackson Heights,8:16,14:49,3.4,true
896,Vietnamese,Medium,South Ozone Park,9:52,12:23,1.8,false
897,Russian,Low,Forest Hills,10:41,13:00,2.7,true
898,American,High,Flatiron District,8:58,17:15,1.4,false
899,American,High,Morningside Heights,8:31,21:28,3.5,true
900,Brazilian,Low,Lower East Side,9:12,13:34,2.1,false
901,Lebanese,High,Woodside,11:34,16:09,3.4,false
902,Russian,Medium,Sunnyside,10:00,16:25,3.2,false
903,Japanese,Low,Fresh Meadows,10:33,18:57,2.7,true
904,Argentine,Low,Upper East Side,10:03,16:33,2.1,false
905,Filipino,Low,Hollis,8:20,19:18,4.6,false
906,Filipino,High,Hell's Kitchen,8:05,15:01,4.9,false
907,Mediterranean,Medium,Middle Village,8:09,12:52,3.8,true
908,Russian,Low,Flatiron District,10:50,14:14,4.3,true
909,Ethiopian,Low,East Harlem,10:33,16:12,3.1,true
910,Mediterranean,Medium,Bayside,10:52,14:17,4.9,false
911,American,High,Harlem,10:52,16:49,3.9,false
912,Thai,Low,SoHo,8:26,14:01,4.5,true
913,Korean,Medium,Astoria,9:32,17:21,4.8,true
914,Mexican,Medium,Corona,11:06,15:56,1.6,false
915,Mexican,Medium,Upper East Side,9:20,14:02,3.3,true
916,Ethiopian,High,Middle Village,9:31,23:30,2.8,true
917,Mediterranean,High,Elmhurst,8:50,17:06,3.1,false
918,Mediterranean,Medium,Douglaston,9:26,23:14,2.1,false
919,Russian,Low,East Harlem,9:32,23:32,4.8,true
920,Mediterranean,Medium,South Ozone Park,9:36,20:07,5.0,true
921,Vietnamese,Low,Harlem,9:22,14:45,3.3,false
922,German,High,Hell's Kitchen,8:47,21:54,2.3,true
923,Italian,Medium,East Village,9:55,21:28,3.2,false
924,American,High,Midtown,8:05,16:29,4.2,false
925,Peruvian,Medium,Tribeca,11:04,19:14,4.9,false
926,Brazilian,High,Middle Village,11:35,23:00,2.9,false
927,Thai,Medium,Greenwich Village,9:48,22:26,3.7,false
928,Caribbean,High,East Harlem,10:17,18:49,1.0,false
929,Mediterranean,Medium,Union Square,10:23,20:54,4.8,false
930,Indian,Low,Upper West Side,9:51,15:20,1.3,true
931,Greek,Medium,Tribeca,8:13,16:35,2.0,true
932,Greek,Medium,Richmond Hill,10:33,13:30,4.4,false
933,Moroccan,High,Union Square,10:48,16:00,2.9,true
934,Caribbean,High,Flatiron District,10:01,23:58,1.4,false
935,Turkish,Low,Hell's Kitchen,9:43,12:04,2.7,false
936,Argentine,Low,Battery Park City,10:46,19:50,4.6,false
937,Indian,High,Sunnyside,8:01,23:34,1.4,false
938,Lebanese,High,Meatpacking District,11:07,23:55,2.8,false
939,German,Medium,Sunnyside,8:42,20:17,4.2,false
940,Caribbean,High,Harlem,9:17,14:53,1.6,false
941,Greek,Medium,Elmhurst,8:23,22:38,4.7,false
942,Mexican,Medium,Nolita,11:36,17:55,4.5,true
943,Vietnamese,Low,Jamaica,10:50,19:20,2.5,true
944,Argentine,Low,Woodhaven,11:10,21:23,1.6,true
945,Polish,Low,Kew Gardens,9:02,19:08,1.7,true
946,Mediterranean,High,Morningside Heights,10:33,15:49,1.3,true
947,Vietnamese,High,Tribeca,11:25,21:07,3.4,true
948,Ethiopian,High,Fresh Meadows,8:58,14:34,2.4,false
949,Japanese,High,Lower East Side,11:13,16:10,3.9,false
950,Mediterranean,Medium,East Harlem,10:28,17:44,2.1,true
951,Mexican,Low,Little Italy,8:37,20:19,2.2,true
952,Indian,High,Forest Hills,8:15,16:17,2.4,true
953,Lebanese,Medium,East Harlem,11:49,23:13,4.5,true
954,Peruvian,High,Chinatown,10:52,23:31,1.5,true
955,Turkish,Low,Upper East Side,9:52,20:40,4.5,false
956,Mediterranean,Medium,Tribeca,8:52,13:38,2.9,true
957,French,High,Hell's Kitchen,10:27,18:08,2.8,false
958,Russian,Medium,Forest Hills,10:45,22:25,3.6,true
959,Lebanese,High,Tribeca,9:07,13:25,4.5,true
960,Vietnamese,Low,Ridgewood,8:20,15:08,4.5,true
961,Turkish,High,Queens Village,8:52,23:30,4.4,false
962,Indian,Low,Midtown,9:58,19:28,4.3,true
963,American,Medium,Astoria,9:30,19:14,2.7,false
964,Ethiopian,High,Gramercy,11:02,17:13,3.5,true
965,Argentine,Medium,Middle Village,11:49,12:04,1.2,false
966,Filipino,High,East Village,9:24,12:36,3.7,true
967,Filipino,High,Little Italy,11:26,16:23,1.4,false
968,Mexican,High,Woodhaven,10:42,20:04,1.0,true
969,Filipino,Low,Financial District,10:29,13:46,3.2,false
970,German,High,Nolita,9:28,14:15,2.8,false
971,Indian,High,East Harlem,9:39,17:33,4.1,false
972,Chinese,Medium,Nolita,9:26,13:39,3.9,true
973,Polish,Medium,Jamaica,10:45,20:38,1.7,true
974,Mexican,Low,Jamaica,9:30,21:56,4.1,true
975,Moroccan,Medium,Chelsea,8:26,19:51,2.7,false
976,Mediterranean,Low,Bayside,8:08,17:04,2.5,false
977,Indian,High,Upper East Side,10:55,19:46,3.6,true
978,Polish,Medium,Financial District,9:02,17:50,3.7,true
979,Spanish,Medium,Long Island City,10:04,14:30,4.9,true
980,Polish,High,Queens Village,8:35,19:29,3.1,false
981,Caribbean,Low,Kew Gardens,9:10,12:56,1.7,true
982,Greek,Medium,Woodside,11:16,23:30,2.1,false
983,Thai,High,Corona,11:06,19:53,2.7,false
984,French,Medium,Forest Hills,10:27,20:42,3.4,false
985,Mexican,High,Inwood,10:59,13:23,3.3,false
986,Mexican,Low,Bayside,8:37,18:06,3.0,true
987,Spanish,Medium,Bayside,8:28,18:22,2.7,false
988,Chinese,High,Fort George,11:40,16:45,4.2,false
989,French,Low,Glendale,9:37,16:36,4.4,true
990,Mexican,High,Inwood,11:10,13:40,2.2,true
991,Japanese,Low,East Village,9:49,23:46,4.7,true
992,French,Low,Battery Park City,11:51,19:18,4.1,false
993,French,Medium,Upper East Side,8:52,21:25,3.0,false
994,Argentine,Medium,Murray Hill,8:35,12:32,2.0,true
995,Italian,High,Elmhurst,10:45,16:19,3.4,true
996,Greek,Medium,East Harlem,11:35,12:41,3.1,true
997,Peruvian,High,Ozone Park,10:17,13:12,1.2,true
998,Japanese,Low,Long Island City,8:21,14:38,1.5,false
999,Brazilian,Low,Woodside,11:36,17:11,1.8,false
1000,Vietnamese,Low,Queens Village,11:36,16:37,2.6,false
